Device,H/W Model,NETLAB ID,Current User,Start Date,End Date,Team Contact,Location,Purpose,Notes
pf73.sql88,NCS5501,NETLAB-NCS5501-4,,,,ztc-services-dev@,7B (Cisco Regression): 7B-11,ZTC Development Lab,
pf01.sql88,7508,NETLAB-7508-16,,,,ztc-services-dev@,7B (Cisco Regression): 7B-13,ZTC Development Lab,
bb73.sql88,MX960,NETLAB-MX960-5,,,,ztc-services-dev@,8A (ALU/fretta): 8A-02,ZTC Development Lab,
pr73.sql88,MX960,NETLAB-MX960-21,"katejm@, Team Contact: b2-telemetry-dev@",2020/09/01,2020/12/31,ztc-services-dev@,8A (ALU/fretta): 8A-10,ZTC Development Lab,B2 Telemetry would like to reserve this device for some testing of Pictor subscriptions. I've already followed up with dkarwowski@ and veerender@. They are okay with us using it for the quarter.
pf04.sql01,NCS5508,NETLAB-NCS5508-2,,,,ztc-services-dev@,8A (ALU/fretta): 8A-12,ZTC Development Lab,
cx73.sql88,7508,NETLAB-7508-10,,,,ztc-services-dev@,8A (ALU/fretta): 8A-13,ZTC Development Lab,
PEER,TI24X,NETLAB-TI24X-1,,,,ztc-services-dev@,8A (ALU/fretta): 8A-13,ZTC Development Lab,
cx01.sql85,7508,NETLAB-7508-5,,,,neteng-dev@,8B (inetlab) (stoat-lab): 8B-11,Software_Install Workflow,
cx02.sql85,NCS5508,NETLAB-NCS5508-3,,,,b2-dev-repair-team@,8B (inetlab) (stoat-lab): 8B-12,WFA & CX GRE Encap testing,
bb01.sql86,ASR9912,NETLAB-ASR9912-6,lakec@,2019/12/13,2021/12/31,lakec@,8B (inetlab) (stoat-lab): 8B-04,b/150414370,
bx01.sql86,PTX5000,NETLAB-PTX5000-4,rahulsunny@,2020/05/01,2021/02/15,neteng-edge-npi@,8B (inetlab) (stoat-lab): 8B-05,WFA & 9K MTU test,
bd01.sql85,MX2020,NETLAB-MX2020-4,,,,neteng-edge-npi@,8B (inetlab) (stoat-lab): 8B-09,WFA & 9K MTU test,
bb01.sql85,MX960,NETLAB-MX960-22,,,,neteng-edge-npi@,8B (inetlab) (stoat-lab): 8B-10,WFA & 9K MTU test,
cx03.sql85,7508N,NETLAB-7508N-3,,,,neteng-edge-npi@,8B (inetlab) (stoat-lab): 8B-12,WFA & 9K MTU test,
bx03.sql85,NCS5508,NETLAB-NCS5508-12,,,,neteng-edge-npi@,8B (inetlab) (stoat-lab): 8B-13,WFA & 9K MTU test,
bb02.sql85,ASR9904,NETLAB-ASR9904-6,,,,neteng-edge-npi@,8B (inetlab) (stoat-lab): 8B-04,WFA ,
cx04.sql85,7280R3,NETLAB-7280R3-2,,,,neteng-edge-npi@,8B (inetlab) (stoat-lab): 8B-03,WFA,
bb02.sql86,MX240,NETLAB-MX240-23,lakec@,2020/05/01,2021/12/31,lakec@,8B (inetlab) (stoat-lab): 8B-03,WFA,
bd02.sql85,ASR9912,NETLAB-ASR9912-3,amahale@,2020/11/12,2021/01/30,neteng-edge-npi@,8B (inetlab) (stoat-lab): 8B-03,Test Flow Label hashing on DUT,
rb01.sql86,MX240,NETLAB-MX240-22,shwethakamath@,2020/11/12,2021/02/15,netrov-dev@google.com,8B (inetlab) (stoat-lab): 8B-05,Reserving for NetRoV Functional Testing cl/294313410,
cx05.sql85,NCS55A1-36H-S,NETLAB-NCS55A1-36H-S-4,amahale@,2020/11/12,2021/01/30,fireant-dev@,8B (inetlab) (stoat-lab): 8B-06,WFA,
cx06.sql85,7280CRA2,NETLAB-7280CRA2-1,amahale@,2020/11/12,2021/01/30,fireant-dev@,8B (inetlab) (stoat-lab): 8B-06,WFA,
me01.sql85,NCS55A1-36H-S,NETLAB-NCS55A1-36H-S-5,amahale@,2020/11/12,2021/01/30,b2-telemetry-dev@,8B (inetlab) (stoat-lab): 8B-06,WFA,
me02.sql85,7280CRA2,NETLAB-7280CRA2-2,,,,[WFA]not reserved,8B (inetlab) (stoat-lab): 8B-06,WFA,
bb03.sql85,PTX1000,NETLAB-PTX1000-1,amahale@,2020/11/12,2021/01/30,neteng-edge-npi@,8B (inetlab) (stoat-lab): 8B-08,Reserving for NetRoV Functional Testing cl/294313410,
bx01.sql87,ASR9912,NETLAB-ASR9912-5,amahale@,2020/11/12,2021/01/30,b2-migrations-dev@,8B (inetlab) (stoat-lab): 8B-06,WFA,
BX02.SQL11,ASR9912,NETLAB-ASR9912-8,neteng-lre-team@,,,[WFA]not reserved,8B (inetlab) (stoat-lab): 8B-08,"bx01.rhv85 is decommissioned and repurposed as bx02.sql11.
",
dr01.sql85,MX240,NETLAB-MX240-3,,,,[WFA]not reserved,8B (inetlab) (stoat-lab): 8B-10,Reserving for NetRoV Functional Testing cl/294313410,
pr01.sql85,MX240,NETLAB-MX240-4,amahale@,2020/11/12,2021/01/30,[WFA]not reserved,8B (inetlab) (stoat-lab): 8B-10,WFA,
rb01.sql85,MX240,NETLAB-MX240-12,amahale@,2020/11/12,2021/01/30,netrov-dev@google.com,8B (inetlab) (stoat-lab): 8B-10,WFA,
rb03.sql85,ASR9904,NETLAB-ASR9904-1,shwethakamath@,2020/11/12,2021/02/15,[WFA]not reserved,8B (inetlab) (stoat-lab): 8B-10,WFA,
ec02.sql85,7050QX-32S,NETLAB-7050QX-32S-3,apurvamodh@,2020/12/09,2021/04/01,netrov-dev@google.com,8B (inetlab) (stoat-lab): 8B-11,WFA,
dx03.sql85,7508,NETLAB-7508-6,shwethakamath@,2020/11/12,2021/02/15,danameme@,8B (inetlab) (stoat-lab): 8B-11,WFA,
ec01.sql85,7050Q,NETLAB-7050Q-2,,,,[WFA]not reserved,8B (inetlab) (stoat-lab): 8B-11,WFA /  /  b/143713882,
ec03.sql85,NCS5011,NETLAB-NCS5011-7,,,,aarunca@,8B (inetlab) (stoat-lab): 8B-11,WFA,
fr01.sql85,MX80,NETLAB-MX80-1,,,,[WFA]not reserved,8B (inetlab) (stoat-lab): 8B-11,WFA,
ms01.sql85,EX3300,NETLAB-EX3300-4,,,,[WFA]not reserved,8B (inetlab) (stoat-lab): 8B-11,WFA,
rx01.sql85,EX4200,NETLAB-EX4200-2,,,,[WFA]not reserved,8B (inetlab) (stoat-lab): 8B-11,WFA,
sr01.sql85,7050Q,NETLAB-7050Q-3,,,,[WFA]not reserved,8B (inetlab) (stoat-lab): 8B-11,WFA,
sr02.sql85,NCS5011,NETLAB-NCS5011-5,,,,aarunca@,8B (inetlab) (stoat-lab): 8B-11,WFA,
ec04.sql85,7060CX2-32S,NETLAB-7060CX2-32S-2,,,,[WFA]not reserved,8B (inetlab) (stoat-lab): 8B-12,WFA,
ms02.sql85,EX3400-48T,NETLAB-EX3400-48T-2,,,,[WFA]not reserved,8B (inetlab) (stoat-lab): 8B-12,WFA,
sw02.sql85,EX4300-32F,NETLAB-EX4300-32F-1,,,,[WFA]not reserved,8B (inetlab) (stoat-lab): 8B-12,WFA,
tsw01.sql85,EX3400-48T,NETLAB-EX3400-48T-1,,,,[WFA]not reserved,8B (inetlab) (stoat-lab): 8B-12,WFA,
ex01.sql85,7508N,NETLAB-7508N-4,,,,drautio@,9A (inetlab) (SR-lab): 9A-09,Reserving for NetRoV Functional Testing.,
ex02.sql85,NCS5508,NETLAB-NCS5508-13,cereslee@,2020/02/06,2021/12/31,ondatra-dev@,9A (inetlab) (SR-lab): 9A-09,WFA,
vt1t1.sql85,NCS5011,NETLAB-NCS5011-6,cereslee@,2020/02/06,2021/12/31,ondatra-dev@,9A (inetlab) (SR-lab): 9A-09,WFA,
vt1t3.sql85,7060CX2-32S,NETLAB-7060CX2-32S-1,,,,[WFA]not reserved,9A (inetlab) (SR-lab): 9A-09,WFA,
pf06.sql01,NCS5508,NETLAB-NCS5508-8,,,,neteng-release-team@,8A (ALU/fretta): 8A-07,PF Regression Test,
pf05.sql01,7508N,NETLAB-7508N-1,,,,neteng-release-team@,8A (ALU/fretta): 8A-14,PF Regression Test,
bb01.sql14,PTX5000,NETLAB-PTX5000-2,neteng-lre-team@,2020/01/01,2021/12/31,neteng-lre-team@,7B (Cisco Regression): 7B-05,Peering Edge Integration Testbed,
pr01.sql14,MX960,NETLAB-MX960-11,neteng-lre-team@,2020/01/01,2021/12/31,neteng-lre-team@,8A (ALU/fretta): 8A-04,Peering Edge Integration Testbed,
bx02.sql14,NCS5508,NETLAB-NCS5508-11,neteng-lre-team@,2020/01/01,2021/12/31,neteng-lre-team@,8A (ALU/fretta): 8A-07,Peering Edge Integration Testbed,
cx05.sql14,NCS55A1-36H-S,NETLAB-NCS55A1-36H-S-6,neteng-lre-team@,2020/01/01,2021/12/31,neteng-lre-team@,8A (ALU/fretta): 8A-10,Peering Edge Integration Testbed,
cx06.sql14,7280CRA2,NETLAB-7280CRA2-4,neteng-lre-team@,2020/01/01,2021/12/31,neteng-lre-team@,8A (ALU/fretta): 8A-10,Peering Edge Integration Testbed,
sr01.sql14,7050QX-32S,NETLAB-7050QX-32S-6,neteng-lre-team@,2020/01/01,2021/12/31,neteng-lre-team@,8A (ALU/fretta): 8A-10,Peering Edge Integration Testbed,
cx01.sql14,7508,NETLAB-7508-1,neteng-release-team@,2020/01/01,2020/12/31,neteng-release-team@,8A (ALU/fretta): 8A-11,Peering Edge Integration Testbed,
cx02.sql14,NCS5508,NETLAB-NCS5508-4, neteng-release-team@,2020/01/01,2020/12/31,neteng-release-team@,8A (ALU/fretta): 8A-12,Peering Edge Integration Testbed,
cx03.sql14,NCS5508,NETLAB-NCS5508-9,neteng-lre-team@,2020/01/01,2021/12/31,neteng-lre-team@,8A (ALU/fretta): 8A-12,Peering Edge Integration Testbed,
cx04.sql14,7508,NETLAB-7508-12,neteng-lre-team@,2020/01/01,2021/12/31,neteng-lre-team@,8A (ALU/fretta): 8A-13,Peering Edge Integration Testbed,
pf01.sql14,NCS55A1-36H-S,NETLAB-NCS55A1-36H-S-3,neteng-lre-team@,2020/01/01,2021/12/31,neteng-lre-team@,8A (ALU/fretta): 8A-13,Peering Edge Integration Testbed,
bb02.sql14,ASR9904,NETLAB-ASR9904-9,neteng-lre-team@,2020/01/01,2021/12/31,neteng-lre-team@,8A (ALU/fretta): 8A-14,Peering Edge Integration Testbed,
bx01.sql14,PTX5000,NETLAB-PTX5000-5,neteng-lre-team@,2020/01/01,2021/12/31,neteng-lre-team@,8B (inetlab) (stoat-lab): 8B-07,Peering Edge Integration Testbed,
bb04.sql88,MX2010,NETLAB-MX2010-5,cortex-network@,2019/12/13,2022/12/31,cortex-network@,9A (inetlab) (SR-lab): 9A-02,Not part of the topology / Cortex NPI TB,
bb03.sql88,ASR9904,NETLAB-ASR9904-8,cortex-network@,2019/12/13,2022/12/31,cortex-network@,9A (inetlab) (SR-lab): 9A-04,Not part of the topology / Cortex NPI TB,
bx04.sql89,ASR9904,NETLAB-ASR9904-7,cortex-network@,2019/12/13,2022/12/31,cortex-network@,9A (inetlab) (SR-lab): 9A-04,Not part of the topology / Cortex NPI TB,
bx03.sql89,PTX5000,netlab-ptx5000-11,cortex-network@,2019/12/13,2022/12/31,cortex-network@,9A (inetlab) (SR-lab): 9A-10,Not part of the topology / Cortex NPI TB,
bx06.oak88,NCS5508,NETLAB-NCS5508-14,cortex-network@,2019/12/13,2022/12/31,cortex-network@,9A (inetlab) (SR-lab): 9A-15,Not part of the topology / Cortex NPI TB,
bx07.oak88,MX960,NETLAB-MX960-6,cortex-network@,2019/12/13,2022/12/31,cortex-network@,9A (inetlab) (SR-lab): 9A-15,Not part of the topology / Cortex NPI TB,
or01.sql85,QFX5100,NETLAB-QFX5100-7,neteng-lre-team@,2020/01/01,2021/12/31,neteng-lre-team@,8B (inetlab) (stoat-lab): 8B-07,Lab Gateway,
or01.sql86,QFX5100,NETLAB-QFX5100-8,neteng-lre-team@,2020/01/01,2021/12/31,neteng-lre-team@,8B (inetlab) (stoat-lab): 8B-07,Lab Gateway,
dr01.sql16,MX240,NETLAB-MX240-1,neteng-release-team@,2020/01/01,2020/12/31,neteng-release-team@,7A (Juniper Regression): 7A-02,Juniper Regression Lab,
dr02.sql16,MX240,NETLAB-MX240-2,neteng-release-team@,2020/01/01,2020/12/31,neteng-release-team@,7A (Juniper Regression): 7A-02,Juniper Regression Lab,
rb01.rhv16,MX240,NETLAB-MX240-11,neteng-release-team@,2020/01/01,2021/12/31,neteng-release-team@,7A (Juniper Regression): 7A-02,Juniper Regression Lab,
rb01.sql16,MX240,NETLAB-MX240-10,neteng-release-team@,2020/01/01,2021/12/31,neteng-release-team@,7A (Juniper Regression): 7A-02,Juniper Regression Lab,
bb01.sqm16,MX960,NETLAB-MX960-7,neteng-release-team@,2020/01/01,2021/12/31,neteng-release-team@,7A (Juniper Regression): 7A-03,Juniper Regression Lab,
pr01.sql16,MX960,NETLAB-MX960-8,neteng-release-team@,2020/01/01,2021/12/31,neteng-release-team@,7A (Juniper Regression): 7A-03,Juniper Regression Lab,
bb01.sql16,PTX5000,NETLAB-PTX5000-9,neteng-release-team@,2020/01/01,2021/12/31,neteng-release-team@,7A (Juniper Regression): 7A-04,Juniper Regression Lab,
bx01.sql16,PTX5000,NETLAB-PTX5000-1,neteng-release-team@,2020/01/01,2021/12/31,neteng-release-team@,7A (Juniper Regression): 7A-05,Juniper Regression Lab,
bx01.oak16,PTX5000,NETLAB-PTX5000-3,neteng-release-team@,2020/01/01,2021/12/31,neteng-release-team@,7A (Juniper Regression): 7A-06,Juniper Regression Lab,
rb01.oak16,ASR9904,NETLAB-ASR9904-5,neteng-release-team@,2020/01/01,2021/12/31,neteng-release-team@,7A (Juniper Regression): 7A-06,Juniper Regression Lab,
bd01.rhv16,PTX5000,NETLAB-PTX5000-10,neteng-release-team@,2020/01/01,2021/12/31,neteng-release-team@,7A (Juniper Regression): 7A-07,Juniper Regression Lab,
bb01.oak16,MX960,NETLAB-MX960-1,neteng-release-team@,2020/01/01,2021/12/31,neteng-release-team@,7A (Juniper Regression): 7A-08,Juniper Regression Lab,
bb02.sql16,PTX1000,NETLAB-PTX1000-2,neteng-release-team@,2020/01/01,2021/12/31,neteng-release-team@,7A (Juniper Regression): 7A-08,Juniper Regression Lab,
bd01.oak16,MX2010,NETLAB-MX2010-1,neteng-release-team@,2020/01/01,2021/12/31,neteng-release-team@,7A (Juniper Regression): 7A-09,Juniper Regression Lab,
dr01.oak16,MX240,NETLAB-MX240-7,neteng-release-team@,2020/01/01,2021/12/31,neteng-release-team@,7A (Juniper Regression): 7A-09,Juniper Regression Lab,
dr02.oak16,MX240,NETLAB-MX240-8,neteng-release-team@,2020/01/01,2021/12/31,neteng-release-team@,7A (Juniper Regression): 7A-09,Juniper Regression Lab,
bx02.sql16,ASR9912,NETLAB-ASR9912-9,neteng-release-team@,2020/01/01,2021/12/31,neteng-release-team@,7A (Juniper Regression): 7A-10,Juniper Regression Lab,
bd01.sql16,MX960,NETLAB-MX960-3,neteng-release-team@,2020/01/01,2021/12/31,neteng-release-team@,7A (Juniper Regression): 7A-11,Juniper Regression Lab,
pr01.oak16,MX960,NETLAB-MX960-2,neteng-release-team@,2020/01/01,2021/12/31,neteng-release-team@,7A (Juniper Regression): 7A-11,Juniper Regression Lab,
OR01.SQL52,7050S-64,,englab-sys@,2020/01/01,2021/12/31,englab-sys@,Row 2 (Infrastructure row): 2-15,Englab Lab Equipment,
cx02.sql89,7508,NETLAB-7508-15,cortex-network@,2019/12/13,2022/12/31,cortex-network@,7B (Cisco Regression): 7B-13,Cortex NPI TB,
cx01.rhv89,NCS5508,NETLAB-NCS5508-5,cortex-network@,2019/12/13,2022/12/31,cortex-network@,9A (inetlab) (SR-lab): 9A-03,Cortex NPI TB,
cx01.sql89,7508,NETLAB-7508-7,cortex-network@,2019/12/13,2022/12/31,cortex-network@,9A (inetlab) (SR-lab): 9A-03,Cortex NPI TB,
cx02.rhv89,7508,NETLAB-7508-8,cortex-network@,2019/12/13,2022/12/31,cortex-network@,9A (inetlab) (SR-lab): 9A-03,Cortex NPI TB,
pr01.rhv89,MX960,NETLAB-MX960-10,cortex-network@,2019/12/13,2022/12/31,cortex-network@,9A (inetlab) (SR-lab): 9A-04,Cortex NPI TB,
pr01.sql89,MX960,NETLAB-MX960-9,cortex-network@,2019/12/13,2022/12/31,cortex-network@,9A (inetlab) (SR-lab): 9A-04,Cortex NPI TB,
bb01.sql89,PTX5000,NETLAB-PTX5000-6,cortex-network@,2019/12/13,2022/12/31,cortex-network@,9A (inetlab) (SR-lab): 9A-05,Cortex NPI TB,
bb01.rhv89,MX2010,NETLAB-MX2010-2,cortex-network@,2019/12/13,2022/12/31,cortex-network@,9A (inetlab) (SR-lab): 9A-06,Cortex NPI TB,
bb02.rhv89,ASR9904,NETLAB-ASR9904-2,cortex-network@,2019/12/13,2022/12/31,cortex-network@,9A (inetlab) (SR-lab): 9A-07,Cortex NPI TB,
bb02.sql89,ASR9912,NETLAB-ASR9912-2,cortex-network@,2019/12/13,2022/12/31,cortex-network@,9A (inetlab) (SR-lab): 9A-07,Cortex NPI TB,
bx01.rhv89,ASR9904,NETLAB-ASR9904-4,cortex-network@,2019/12/13,2022/12/31,cortex-network@,9A (inetlab) (SR-lab): 9A-08,Cortex NPI TB,
bx01.sql89,ASR9904,NETLAB-ASR9904-3,cortex-network@,2019/12/13,2022/12/31,cortex-network@,9A (inetlab) (SR-lab): 9A-08,Cortex NPI TB,
bx02.sql89,MX960,NETLAB-MX960-23,cortex-network@,2019/12/13,2022/12/31,cortex-network@,9A (inetlab) (SR-lab): 9A-08,Cortex NPI TB,
bx02.rhv89,NCS5508,NETLAB-NCS5508-6,cortex-network@,2019/12/13,2022/12/31,cortex-network@,9A (inetlab) (SR-lab): 9A-11,Cortex NPI TB,
dr17.oak88,MX240,NETLAB-MX240-17,cortex-network@,2019/12/13,2022/12/31,cortex-network@,9A (inetlab) (SR-lab): 9A-11,Cortex NPI TB,
dr24.oak88,MX960,NETLAB-MX960-24,cortex-network@,2019/12/13,2022/12/31,cortex-network@,9A (inetlab) (SR-lab): 9A-11,Cortex NPI TB,
bd02.oak88,ASR9912,NETLAB-ASR9912-4,cortex-network@,2019/12/13,2022/12/31,cortex-network@,9A (inetlab) (SR-lab): 9A-13,Cortex NPI TB,
bd01.oak88,MX960,NETLAB-MX960-14,cortex-network@,2019/12/13,2022/12/31,cortex-network@,9A (inetlab) (SR-lab): 9A-14,Cortex NPI TB,
cx03.sql88,NCS55A1-36H-S,NETLAB-NCS55A1-36H-S-9,cortex-network@,,,cortex-network@,9A (inetlab) (SR-lab): 9A-14,Cortex NPI TB,
cx04.sql88,7280CRA2,NETLAB-7280CRA2-6,cortex-network@,,,cortex-network@,9A (inetlab) (SR-lab): 9A-14,Cortex NPI TB,
ec01.rhv89,7050QX-32S,NETLAB-7050QX-32S-5,cortex-network@,2019/12/13,2022/12/31,cortex-network@,unknown: unknown,Cortex NPI TB,
ec01.sql89,7050QX-32S,NETLAB-7050QX-32S-4,cortex-network@,2019/12/13,2022/12/31,cortex-network@,unknown: unknown,Cortex NPI TB,
sr01.sql89,7050QX-32S,NETLAB-7050QX-32S-1,cortex-network@,2019/12/13,2022/12/31,cortex-network@,unknown: unknown,Cortex NPI TB,
sr02.sql89,7050QX-32S,NETLAB-7050QX-32S-2,cortex-network@,2019/12/13,2022/12/31,cortex-network@,unknown: unknown,Cortex NPI TB,
bb01.oak15,MX960,NETLAB-MX960-12,neteng-lre-team@,2020/01/01,2021/12/31,neteng-lre-team@,7B (Cisco Regression): 7B-03,Core Integration Testbed,
dr01.oak15,MX960,NETLAB-MX960-13,neteng-lre-team@,2020/01/01,2021/12/31,neteng-lre-team@,7B (Cisco Regression): 7B-03,Core Integration Testbed,
rb01.oak15,MX240,NETLAB-MX240-14,neteng-lre-team@,2020/01/01,2021/12/31,neteng-lre-team@,7B (Cisco Regression): 7B-03,Core Integration Testbed,
bd01.oak15,PTX5000,NETLAB-PTX5000-8,neteng-lre-team@,2020/01/01,2021/12/31,neteng-lre-team@,7B (Cisco Regression): 7B-04,Core Integration Testbed,
bx01.oak15,NCS5508,NETLAB-NCS5508-7,neteng-lre-team@,2020/01/01,2021/12/31,neteng-lre-team@,7B (Cisco Regression): 7B-06,Core Integration Testbed,
bx02.oak15,ASR9912,NETLAB-ASR9912-7,neteng-lre-team@,2020/01/01,2021/12/31,neteng-lre-team@,7B (Cisco Regression): 7B-06,Core Integration Testbed,
bx01.sql15,ASR9912,NETLAB-ASR9912-1,neteng-lre-team@,2020/01/01,2021/12/31,neteng-lre-team@,7B (Cisco Regression): 7B-07,Core Integration Testbed,
bx02.sql15,PTX5000,NETLAB-PTX5000-7,neteng-lre-team@,2020/01/01,2021/12/31,neteng-lre-team@,7B (Cisco Regression): 7B-08,Core Integration Testbed,
bb01.sql15,MX2010,NETLAB-MX2010-3,neteng-lre-team@,2020/01/01,2021/12/31,neteng-lre-team@,7B (Cisco Regression): 7B-09,Repurposed as bb01.sql12,
bd01.sql15,ASR9922,NETLAB-ASR9922-3,neteng-lre-team@,2020/01/01,2021/12/31,neteng-lre-team@,7B (Cisco Regression): 7B-10,Core Integration Testbed,
cx01.sql15,NCS5508,NETLAB-NCS5508-10,hbmao@,2020/01/01,2021/12/31,neteng-lre-team@,7B (Cisco Regression): 7B-11,Decommissioned / Reserved for VS Integration lab,
dr01.sql15,MX960,NETLAB-MX960-16,neteng-lre-team@,2020/01/01,2021/12/31,neteng-lre-team@,7B (Cisco Regression): 7B-11,Core Integration Testbed,
pr01.sql15,MX960,NETLAB-MX960-15,hbmao@,2020/01/01,2021/12/31,neteng-lre-team@,7B (Cisco Regression): 7B-12,Decommissioned,
netlab-7020srg-24c2-1,7020srg-24c2,netlab-7020srg-24c2-1,hbmao@,2020/01/01,2021/12/31,neteng-lre-team@,8B (inetlab) (stoat-lab): 8B-08,Cloud VPN Tests,
netlab-7020srg-24c2-2,7020srg-24c2,netlab-7020srg-24c2-2,hbmao@,2020/01/01,2021/12/31,neteng-lre-team@,8B (inetlab) (stoat-lab): 8B-08,Cloud VPN Tests,
netlab-mx240-21,MX240,NETLAB-MX240-21,hbmao@,2020/01/01,2021/12/31,neteng-lre-team@,8B (inetlab) (stoat-lab): 8B-07,Cloud VPN Test,
netlab-mx240-9,MX240,NETLAB-MX240-9,hbmao@,2020/01/01,2021/12/31,neteng-lre-team@,8B (inetlab) (stoat-lab): 8B-08,Cloud VPN Test,
pf09.sql01,NCS5501,NETLAB-NCS5501-2,jaingaurav@,,,neteng-b2-mtu@,8A (ALU/fretta): 8A-02,9k MTU QoS test,
pf07.sql01,NCS55A1-36H-S,NETLAB-NCS55A1-36H-S-1,jaingaurav@,,,neteng-b2-mtu@,8A (ALU/fretta): 8A-10,9k MTU QoS test,
ec01.sql07,7060CX-32S,NETLAB-7060CX-32S-3,cereslee@,2020/02/06,2021/12/31,ondatra-dev@,8A (ALU/fretta): 8A-13,9k MTU QoS test,
ec03.sql01,NCS5011,NETLAB-NCS5011-1,aarunca@,2020/07/06,2021/12/31,ondatra-dev@,8A (ALU/fretta): 8A-13,aarunca@ >> cereslee@ 2020/12/30,
cx05.sql01,7280CRA2,NETLAB-7280CRA2-3,cereslee@,2020/02/06,2021/12/31,ondatra-dev@,7B (Cisco Regression): 7B-02,,
cx08.sql01,NCS55A1-36H-S,NETLAB-NCS55A1-36H-S-7,cereslee@,2020/02/06,2021/12/31,ondatra-dev@,7B (Cisco Regression): 7B-02,,
pf10.sql01 ?,7280CRA2,NETLAB-7280CRA2-7,cereslee@,2020/02/06,2021/12/31,ondatra-dev@,7B (Cisco Regression): 7B-02,,
pf02.sql12,7280SR,NETLAB-7280SR-1,,2020/02/06,2020/12/30,npi@,7B (Cisco Regression): 7B-02,Previous known as pf11.sql01,
pf08.sql01,7508N,NETLAB-7508N-5,cereslee@,2020/02/06,2021/12/31,ondatra-dev@,7B (Cisco Regression): 7B-13,,
pr01.sql88,MX240,NETLAB-MX240-15,cereslee@,2020/02/06,2021/12/31,ondatra-dev@,7B (Cisco Regression): 7B-13,,
cx12.sql01,7508,NETLAB-7508-13,cereslee@,2020/02/06,2021/12/31,ondatra-dev@,7B (Cisco Regression): 7B-14,,
pf08.sql07,7508,NETLAB-7508-11,cereslee@,2020/02/06,2021/12/31,ondatra-dev@,7B (Cisco Regression): 7B-14,,
pf14.sql01,7504,NETLAB-7504-1,,,,[Others]not reserved,7B (Cisco Regression): 7B-14,,
sw01.sql01,EX3300,NETLAB-EX3300-8,,,,[Others]not reserved,8A (ALU/fretta): 8A-01,,
cx09.sql01 ?,7280R3,NETLAB-7280R3-1,,,,neteng-edge-npi@,8A (ALU/fretta): 8A-02,,
ar01.sql07,MX960,NETLAB-MX960-4,cereslee@,2020/02/06,2021/12/31,ondatra-dev@,8A (ALU/fretta): 8A-02,,
cx03.sql01,NCS55A1-36H-S,NETLAB-NCS55A1-36H-S-2,cereslee@,2020/02/06,2021/12/31,ondatra-dev@,8A (ALU/fretta): 8A-02,,
dr05.sql07(repurposed as PR01.SQL07),MX960,NETLAB-MX960-17,yarong@,2020/06/01,2020/12/30,,8A (ALU/fretta): 8A-03,auto-repair ,
bb07.sql07,MX960,NETLAB-MX960-18,,,,netrov-dev@google.com,8A (ALU/fretta): 8A-04,,
bd01.sql11,ASR9922,NETLAB-ASR9922-4,neteng-lre-team@,2020/01/01,2021/12/31,[Others]reserved,8A (ALU/fretta): 8A-05,,
rb02.sql07,MX960,NETLAB-MX960-19,cereslee@,2020/02/06,2021/12/31,ondatra-dev@,8A (ALU/fretta): 8A-07,,
bd02.sql07,MX2020,NETLAB-MX2020-3,,,2021/12/31,neteng-lre-team@,8A (ALU/fretta): 8A-08,Repurposed as BD01.SQL12.,
bb09.sql07,MX2020,NETLAB-MX2020-2,cereslee@,2020/02/06,2021/12/31,ondatra-dev@,8A (ALU/fretta): 8A-09,,
rb01.sql07,MX960,NETLAB-MX960-20,,,2021/12/31,neteng-lre-team@,8A (ALU/fretta): 8A-10,,
cx01.sql01,NCS5508,NETLAB-NCS5508-1,,,,[Others]not reserved,8A (ALU/fretta): 8A-11,In use by neteng team,
ec01.sql01,7050Q-16,NETLAB-7050Q-16-1,,,,[Others]not reserved,8A (ALU/fretta): 8A-11,,
fe02.sql07,7508,NETLAB-7508-2,neteng-lre-team@,2020/01/01,2021/12/31,neteng-lre-team@,8A (ALU/fretta): 8A-11,Repurposed as CX01.SQL12,
ec02.sql01,NCS5011,NETLAB-NCS5011-2,cereslee@,2020/02/06,2021/12/30,[Others]not reserved,8A (ALU/fretta): 8A-13,,
ec02.sql07,7060CX-32S,NETLAB-7060CX-32S-4,cereslee@,2020/02/06,2021/12/31,ondatra-dev@,8A (ALU/fretta): 8A-13,,
---,7508,NETLAB-7508-9,bebede@,,,neteng-dev@,8A (ALU/fretta): 8A-13,Decommissioned / Used by bebede@google.com,
cx02.sql01,7508N,NETLAB-7508N-2,jaingaurav@,,,[Others]not reserved,8A (ALU/fretta): 8A-14,In use by neteng team,
cx01.sql99,NCS55A1-36H-S,NETLAB-NCS55A1-36H-S-10,,,,b2-sg-dev@ ,8A (ALU/fretta): 8A-15,,
me01.sql99,7280CRA2,NETLAB-7280CRA2-8,,,,b2-sg-dev@ ,8A (ALU/fretta): 8A-15,,
ms01.sql99,EX3300,NETLAB-EX3300-2,,,,b2-sg-dev@ ,8A (ALU/fretta): 8A-15,,
sw01.sql99,EX3300,NETLAB-EX3300-1,,,,b2-sg-dev@ ,8A (ALU/fretta): 8A-15,,
ar01.sql88,MX240,NETLAB-MX240-13,shwethakamath@,2020/07/01,2021/02/15,netrov-dev@,8B (inetlab) (stoat-lab): 8B-10,,
bb02.sql09,MX2010,NETLAB-MX2010-4,cereslee@,2020/05/26,2021/12/31,ondatra-dev@,9A (inetlab) (SR-lab): 9A-12,,
dx01.oak88,NCS55A1-36H-S,NETLAB-NCS55A1-36H-S-8,,,,[Others]not reserved,9A (inetlab) (SR-lab): 9A-14,Repurposed as pf12.sql01 for http://b/147810258,
dx02.oak88,7280CRA2,NETLAB-7280CRA2-5,,,,[Others]not reserved,9A (inetlab) (SR-lab): 9A-14,Repurposed as pf13.sql01 for http://b/147810258,